timestamp,row_count,null_ratio,late_event_ratio,schema_change_flag,anomaly_type,anomaly_score,is_anomaly
2025-12-18 15:57:35.744943,10325,0.0190059690578789,0.0057028972045375,0,NONE,0.10098160357363145,0
2025-12-18 16:02:35.744943,5742,0.0267945172750972,0.0119362131886126,0,VOLUME_DROP,-0.026100881312111746,1
2025-12-18 16:07:35.744943,10563,0.025603730024386,0.0111256361532122,0,NONE,0.10369549050705634,0
2025-12-18 16:12:35.744943,9776,0.0173017488268547,0.0140267151208548,0,NONE,0.10954684299251549,0
2025-12-18 16:17:35.744943,9322,0.022950221458485,0.224103527587495,0,LATE_DATA,-0.0620472420161422,1
2025-12-18 16:22:35.744943,10441,0.0149207738317298,0.0061192688383749,0,NONE,0.0838798847158378,0
2025-12-18 16:27:35.744943,10011,0.0172299980444137,0.0077869131760952,0,NONE,0.14025549866340375,0
2025-12-18 16:32:35.744943,10108,0.0282128009499819,0.0096976605554103,0,NONE,0.1037868501989549,0
2025-12-18 16:37:35.744943,10046,0.023724581306516,0.0146021628064498,0,NONE,0.08638770853663252,0
2025-12-18 16:42:35.744943,10768,0.0286326635105131,0.0133800816872962,0,NONE,0.011795656938498156,0
2025-12-18 16:47:35.744943,9903,0.0135664850222209,0.0079471196090514,0,NONE,0.11091217120546526,0
2025-12-18 16:52:35.744943,9284,0.01641095318943,0.0107477846642567,0,NONE,0.09813987272866415,0
2025-12-18 16:57:35.744943,9330,0.0174963159096391,0.005703872849189,0,NONE,0.05773535161770871,0
2025-12-18 17:02:35.744943,10199,0.0320030700845996,0.0104839860891274,0,NONE,0.01810937486152897,0
2025-12-18 17:07:35.744943,10651,0.0220210636963352,0.0126550450238864,0,NONE,0.10388226773450676,0
2025-12-18 17:12:35.744943,10315,0.0182352405264114,0.0074980075824435,0,NONE,0.13494554802435849,0
2025-12-18 17:17:35.744943,9734,0.025103344226474,0.0080740752126452,0,NONE,0.13054432698591933,0
2025-12-18 17:22:35.744943,9893,0.0190419193413064,0.0089059036932894,0,NONE,0.14918055819028858,0
2025-12-18 17:27:35.744943,10280,0.0197210801416613,0.0123713845889177,0,NONE,0.14162464109434653,0
2025-12-18 17:32:35.744943,10440,0.0174034523645344,0.0093418590118672,0,NONE,0.14330842669997046,0
2025-12-18 17:37:35.744943,10386,0.0245551527169512,0.0115521152716324,0,NONE,0.12852949262026342,0
2025-12-18 17:42:35.744943,10123,0.0098784201942807,0.0076402337895045,0,NONE,0.031038440474900675,0
2025-12-18 17:47:35.744943,11751,0.0190844660100772,0.0108010477731842,0,NONE,-0.05192498493596209,1
2025-12-18 17:52:35.744943,9687,0.009847830569067,0.0096207670244809,0,NONE,0.033651173728931894,0
2025-12-18 17:57:35.744943,4157,0.015093833976107,0.0127888811147765,0,VOLUME_DROP,-0.012920799785062997,1
2025-12-18 18:02:35.744943,9923,0.0188596477329083,0.0098616472091063,0,NONE,0.1539678563331,0
2025-12-18 18:07:35.744943,10270,0.0169544640430027,0.0068969229549412,0,NONE,0.12456080829252641,0
2025-12-18 18:12:35.744943,9745,0.0178634165620696,0.0092044570469224,0,NONE,0.14170502096062076,0
2025-12-18 18:17:35.744943,9714,0.0165587611183571,0.005142713132839,0,NONE,0.07716226267088727,0
2025-12-18 18:22:35.744943,9697,0.0236727732217926,0.0129610825995447,0,NONE,0.1174130837877353,0
2025-12-18 18:27:35.744943,9959,0.028234328556844,0.0142128565259681,0,NONE,0.045188423395784216,0
2025-12-18 18:32:35.744943,10551,0.0149919349717848,0.0115466432230914,0,NONE,0.11526996565502085,0
2025-12-18 18:37:35.744943,10935,0.0270371664156839,0.011641331246531,0,NONE,0.04085556655812539,0
2025-12-18 18:42:35.744943,9761,0.0249513744692549,0.0072163289857807,0,NONE,0.1233903828946849,0
2025-12-18 18:47:35.744943,9533,0.0249834847049312,0.0071778477657105,0,NONE,0.10335021863700844,0
2025-12-18 18:52:35.744943,9372,0.0169859921636461,0.0079770920194303,0,NONE,0.10640040264490996,0
2025-12-18 18:57:35.744943,10578,0.0154580571934855,0.0095657144374013,0,NONE,0.12054315209044664,0
2025-12-18 19:02:35.744943,10257,0.0243365801930903,0.0091852820934124,0,NONE,0.13391277071274266,0
2025-12-18 19:07:35.744943,9733,0.022691820435458,0.0094403499228916,0,NONE,0.14317498730537032,0
2025-12-18 19:12:35.744943,9517,0.0245867619335343,0.0047677470539093,0,NONE,0.0496157056748916,0
2025-12-18 19:17:35.744943,9744,0.0162239881743947,0.0125322812364359,0,NONE,0.13276643647793807,0
2025-12-18 19:22:35.744943,10149,0.0198620401288039,0.0094160374110925,0,NONE,0.15659520691319523,0
2025-12-18 19:27:35.744943,9779,0.0213491549187975,0.0070982430761851,0,NONE,0.13152926361820788,0
2025-12-18 19:32:35.744943,10235,0.0240767383390432,0.0100454425503832,0,NONE,0.1373593115943718,0
2025-12-18 19:37:35.744943,10181,0.0207382788337129,0.0118169356931344,0,NONE,0.14571608299405808,0
2025-12-18 19:42:35.744943,9957,0.0206084623111307,0.013269757806108,0,NONE,0.13189665623774305,0
2025-12-18 19:47:35.744943,10159,0.0185131230212278,0.0064247022746361,0,NONE,0.1207804539884334,0
2025-12-18 19:52:35.744943,9731,0.0245980476608343,0.0128328940028402,0,NONE,0.12019103607760606,0
2025-12-18 19:57:35.744943,10546,0.0142060422431753,0.0074453057801566,0,NONE,0.0951909219924359,0
2025-12-18 20:02:35.744943,9769,0.0251114846458138,0.0085046780005405,0,NONE,0.13341399284223066,0
2025-12-18 20:07:35.744943,10294,0.0219798528489464,0.0060692888611842,0,NONE,0.10855975832862624,0
2025-12-18 20:12:35.744943,9629,0.0164270629618038,0.0081248772851156,0,NONE,0.12182153484128044,0
2025-12-18 20:17:35.744943,10390,0.0142193345272449,0.0122977214452059,0,NONE,0.1106757282102725,0
2025-12-18 20:22:35.744943,10241,0.0204244544652257,0.013558662795781,0,NONE,0.1270814918536769,0
2025-12-18 20:27:35.744943,11237,0.0191795523552748,0.0111211940713304,0,NONE,0.039722847491587165,0
2025-12-18 20:32:35.744943,10694,0.0189819775802465,0.0072755240085575,0,NONE,0.10769571826711966,0
2025-12-18 20:37:35.744943,9745,0.0190867221910443,0.0035665296412039,0,NONE,0.03959157122185475,0
2025-12-18 20:42:35.744943,10027,0.0148343881176119,0.3683912338509138,0,LATE_DATA,-0.047887026133377586,1
2025-12-18 20:47:35.744943,10330,0.0119789364999365,0.0090189367490326,0,NONE,0.08861510585664795,0
2025-12-18 20:52:35.744943,9488,0.0129694883724953,0.0068919845496764,0,NONE,0.06905968641980043,0
2025-12-18 20:57:35.744943,11221,0.0186158388449529,0.0110251861084424,0,NONE,0.04023164289116632,0
2025-12-18 21:02:35.744943,10005,0.0239370703014263,0.0100920615583238,0,NONE,0.14184811670710412,0
2025-12-18 21:07:35.744943,9849,0.0170284521274096,0.0114012800095482,0,NONE,0.14930412854710967,0
2025-12-18 21:12:35.744943,10639,0.0191052593627563,0.0134007366715882,0,NONE,0.10554774691601526,0
2025-12-18 21:17:35.744943,3644,0.0279222361798976,0.0127538736138659,0,VOLUME_DROP,-0.04083888665833668,1
2025-12-18 21:22:35.744943,11238,0.0288602063884962,0.0113697581576254,0,NONE,-0.037380566246021374,1
2025-12-18 21:27:35.744943,10347,0.013795611348133,0.0141134658545479,0,NONE,0.07009246369618405,0
2025-12-18 21:32:35.744943,10271,0.0257048247537174,0.014422253656848,0,NONE,0.07439449805635251,0
2025-12-18 21:37:35.744943,10185,0.0193820977624405,0.0123858231625789,0,NONE,0.14909929840948827,0
2025-12-18 21:42:35.744943,9688,0.0269453713582736,0.0113427486921596,0,NONE,0.10518535015055741,0
2025-12-18 21:47:35.744943,9706,0.0173765956704686,0.0115795534352921,0,NONE,0.1404626029231965,0
2025-12-18 21:52:35.744943,10094,0.0197102016303952,0.0143211800700251,0,NONE,0.10601104439960735,0
2025-12-18 21:57:35.744943,8600,0.0249323612306583,0.0058495370600569,0,NONE,-0.053311481886391565,1
2025-12-18 22:02:35.744943,9906,0.2369925603973598,0.0098472345630264,0,NULL_SPIKE,-0.047905426371434356,1
2025-12-18 22:07:35.744943,10596,0.0245999317342293,0.0127985680041936,0,NONE,0.09706148435024714,0
2025-12-18 22:12:35.744943,10521,0.0161580857588468,0.0092899587030887,0,NONE,0.13176782127233805,0
2025-12-18 22:17:35.744943,10536,0.0092881827392218,0.0103845763049127,0,NONE,0.0058084246945906415,0
2025-12-18 22:22:35.744943,10621,0.0192907586104881,0.012760900546885,0,NONE,0.11506123986559474,0
2025-12-18 22:27:35.744943,9656,0.0095309413024112,0.0128679366906527,0,NONE,0.009107990371739483,0
2025-12-18 22:32:35.744943,10374,0.0173517172180154,0.0098563296470933,0,NONE,0.14843480785160484,0
2025-12-18 22:37:35.744943,9854,0.018402164405073,0.3166325973866658,0,LATE_DATA,-0.03223431041061342,1
2025-12-18 22:42:35.744943,11350,0.0169803518179306,0.0110619194515995,0,NONE,0.007341861192301846,0
2025-12-18 22:47:35.744943,10275,0.0217036011522956,0.0095158099443784,0,NONE,0.15200663300548495,0
2025-12-18 22:52:35.744943,9585,0.0267588318289971,0.0095432528989843,0,NONE,0.11004386842020059,0
2025-12-18 22:57:35.744943,9316,0.0244380546615431,0.0062997519412896,0,NONE,0.05717122962817778,0
2025-12-18 23:02:35.744943,9723,0.027237510392188,0.0102160713839263,0,NONE,0.1095632564219004,0
2025-12-18 23:07:35.744943,9464,0.0264762751817654,0.0069179256190696,0,NONE,0.07167699027750135,0
2025-12-18 23:12:35.744943,10394,0.0238231033911918,0.0100032200565233,0,NONE,0.13239920937613525,0
2025-12-18 23:17:35.744943,10232,0.0113479837827833,0.0121099566724886,0,NONE,0.0651001412625577,0
2025-12-18 23:22:35.744943,9693,0.0308395971567199,0.0124901498541229,0,NONE,0.0248445665614192,0
2025-12-18 23:27:35.744943,9585,0.0260009448124976,0.0112042460365948,0,NONE,0.10707604777140611,0
2025-12-18 23:32:35.744943,10932,0.0149504350041518,0.0075132283410519,0,NONE,0.05135321664831449,0
2025-12-18 23:37:35.744943,9877,0.0193355990859933,0.0070011253734549,0,NONE,0.13457270094530643,0
2025-12-18 23:42:35.744943,9975,0.0190714559681726,0.0090919409492149,0,NONE,0.15343138812724882,0
2025-12-18 23:47:35.744943,9181,0.0186369427450665,0.0119703164989893,0,NONE,0.08895489033135368,0
2025-12-18 23:52:35.744943,9498,0.0208031005822512,0.015150028507137,0,NONE,0.0640020085527751,0
2025-12-18 23:57:35.744943,10021,0.0250167614162094,0.0117628468434099,0,NONE,0.1309878918472337,0
2025-12-19 00:02:35.744943,9979,0.0167168797949438,0.0081814571691528,0,NONE,0.13736502460194983,0
2025-12-19 00:07:35.744943,10230,0.0210473271988065,0.0115943771448818,0,NONE,0.14518917044699758,0
2025-12-19 00:12:35.744943,10120,0.0313242366837942,0.0094229802642935,1,SCHEMA_CHANGE,0.03595583189830087,0
2025-12-19 00:17:35.744943,10378,0.0230474257609596,0.0113287367566249,0,NONE,0.13332041805855505,0
2025-12-19 00:22:35.744943,4670,0.0213014043649469,0.0125565498400265,0,VOLUME_DROP,0.0017543283041066005,0
2025-12-19 00:27:35.744943,10254,0.0186614971769598,0.00436097305019,0,NONE,0.06713333739905081,0
2025-12-19 00:32:35.744943,9536,0.0201744801602433,0.0112253270728077,0,NONE,0.12634250974643746,0
2025-12-19 00:37:35.744943,10662,0.0198142533063362,0.0132608537387515,0,NONE,0.1033420877875188,0
2025-12-19 00:42:35.744943,10017,0.0125528565801014,0.009894455438895,0,NONE,0.10670395580418013,0
2025-12-19 00:47:35.744943,8654,0.0184609804697691,0.0117214069277557,0,NONE,-5.4613986985030394e-05,1
2025-12-19 00:52:35.744943,10149,0.0208057498466765,0.0096052619740243,0,NONE,0.15402558343213985,0
2025-12-19 00:57:35.744943,10567,0.0349725969300799,0.0141067667975856,0,NONE,-0.08630059965937065,1
2025-12-19 01:02:35.744943,9723,0.0228909771112119,0.0058941480123938,0,NONE,0.09722850053613569,0
2025-12-19 01:07:35.744943,10162,0.0216766656359286,0.0075270840081608,0,NONE,0.13513345399305648,0
2025-12-19 01:12:35.744943,10351,0.022152504266133,0.0125220645644863,0,NONE,0.13387484668015448,0
2025-12-19 01:17:35.744943,10792,0.0255459830797634,0.0120767521516262,0,NONE,0.06969699488822972,0
2025-12-19 01:22:35.744943,10578,0.0185676801611152,0.0111143821715171,0,NONE,0.13686113881587597,0
2025-12-19 01:27:35.744943,9474,0.185520614340771,0.0062035877362019,0,NULL_SPIKE,-0.09140754067345924,1
2025-12-19 01:32:35.744943,9954,0.0242651890434225,0.0020182858205605,0,NONE,-0.010257906233543279,1
2025-12-19 01:37:35.744943,10304,0.0245123787921707,0.0066981726976396,0,NONE,0.10309029550703619,0
2025-12-19 01:42:35.744943,9744,0.0171151607912794,0.0067425531468923,0,NONE,0.12265792699094524,0
2025-12-19 01:47:35.744943,10449,0.0084451558220232,0.0063834547272725,0,NONE,-0.020889636452181004,1
2025-12-19 01:52:35.744943,10484,0.0196676384351787,0.0036957195513361,0,NONE,0.03216609416281402,0
2025-12-19 01:57:35.744943,9866,0.0160246889586242,0.0085849446706707,0,NONE,0.1386555562630069,0
2025-12-19 02:02:35.744943,9438,0.0181419724953996,0.0100683497667013,0,NONE,0.12674743170400954,0
2025-12-19 02:07:35.744943,10180,0.0234216646658416,0.0174194763387091,0,NONE,-0.020244844881788238,1
2025-12-19 02:12:35.744943,10097,0.0237957945055086,0.0093224026755404,0,NONE,0.14254099247297675,0
2025-12-19 02:17:35.744943,9788,0.0169043733808052,0.0086216436261129,0,NONE,0.14127470982965934,0
2025-12-19 02:22:35.744943,4475,0.0113538793185287,0.0099350928128521,0,VOLUME_DROP,-0.048343444878881425,1
2025-12-19 02:27:35.744943,10202,0.0274177379494558,0.009862343744617,0,NONE,0.11336898707142395,0
2025-12-19 02:32:35.744943,10386,0.0186546116318669,0.0128481221630567,0,NONE,0.138546849894587,0
2025-12-19 02:37:35.744943,9612,0.0235943134488179,0.0095017368950624,0,NONE,0.12475573780696947,0
2025-12-19 02:42:35.744943,9577,0.0152318582364311,0.0127378146271634,0,NONE,0.10215702473590899,0
2025-12-19 02:47:35.744943,10151,0.0197033011569289,0.0114330827340687,0,NONE,0.15204894081961867,0
2025-12-19 02:52:35.744943,9042,0.0271236645569274,0.010469335570788,0,NONE,0.0315121575828351,0
2025-12-19 02:57:35.744943,9871,0.0217980984959884,0.0049231481662945,0,NONE,0.08661988228702105,0
2025-12-19 03:02:35.744943,9814,0.0098403712260298,0.004338526477943,0,NONE,-0.02715055391332566,1
2025-12-19 03:07:35.744943,10172,0.0141515631449524,0.0100760578172879,0,NONE,0.13251634161484577,0
2025-12-19 03:12:35.744943,9487,0.0260376763806607,0.0081558232645994,0,NONE,0.10357212787085984,0
2025-12-19 03:17:35.744943,10120,0.0163042281708344,0.0136384484414059,0,NONE,0.11304765214717166,0
2025-12-19 03:22:35.744943,10944,0.0172944453224623,0.0098349180145015,0,NONE,0.08496851342749157,0
2025-12-19 03:27:35.744943,10200,0.0267071927327123,0.0098038489722989,0,NONE,0.11909320209481733,0
2025-12-19 03:32:35.744943,9409,0.0272037192759987,0.0077237865475932,0,NONE,0.0590898332318644,0
2025-12-19 03:37:35.744943,9378,0.0242407156838573,0.0084470536475868,0,NONE,0.10584851521294408,0
2025-12-19 03:42:35.744943,9724,0.0161704248199641,0.0100230023951062,0,NONE,0.13911755415205657,0
2025-12-19 03:47:35.744943,10400,0.0187997385280111,0.0177754845332319,0,NONE,-0.02854264244978011,1
2025-12-19 03:52:35.744943,9767,0.0170913684002918,0.0110017708673826,0,NONE,0.14665821539040946,0
2025-12-19 03:57:35.744943,10319,0.0149261936284855,0.0076840721898471,0,NONE,0.11761284095709379,0
2025-12-19 04:02:35.744943,10895,0.0217266700847856,0.0059556390725326,0,NONE,0.06148070614426654,0
2025-12-19 04:07:35.744943,10106,0.0191867641761064,0.0089322650181198,0,NONE,0.14923741467757107,0
2025-12-19 04:12:35.744943,10639,0.3107778382006676,0.0078705702129192,0,NULL_SPIKE,-0.09402670923677603,1
2025-12-19 04:17:35.744943,9466,0.0090150918834267,0.0080905939539362,0,NONE,-0.01392063710931446,1
2025-12-19 04:22:35.744943,10149,0.0128825349470661,0.0130552412592818,0,NONE,0.09694789413044846,0
2025-12-19 04:27:35.744943,10210,0.0127712973410488,0.010403364309823,0,NONE,0.11299618961108254,0
2025-12-19 04:32:35.744943,10307,0.0150609186315342,0.0143724604629199,0,NONE,0.07343171882976035,0
2025-12-19 04:37:35.744943,10349,0.0161364836058242,0.0065941210912203,0,NONE,0.10788170274146253,0
2025-12-19 04:42:35.744943,9940,0.0215382191884677,0.0089561266973289,0,NONE,0.14838384367939456,0
2025-12-19 04:47:35.744943,10083,0.0217578671579729,0.014532470765508,0,NONE,0.10254265484852554,0
2025-12-19 04:52:35.744943,9131,0.0227534948660757,0.0161298939909259,0,NONE,-0.032484802517485534,1
2025-12-19 04:57:35.744943,9714,0.0240788844245058,0.013465486807582,0,NONE,0.10984986881492015,0
2025-12-19 05:02:35.744943,9255,0.0142631693689758,0.0127531916367689,0,NONE,0.06640216669078197,0
2025-12-19 05:07:35.744943,10036,0.0228222949519357,0.005226080087086,0,NONE,0.08745021892563098,0
2025-12-19 05:12:35.744943,10150,0.0189376592041734,0.0081080661259835,0,NONE,0.1415319287268284,0
2025-12-19 05:17:35.744943,11098,0.0188140607879489,0.0115443779115409,0,NONE,0.05716747826096358,0
2025-12-19 05:22:35.744943,10272,0.0117596824855791,0.0116035955011201,0,NONE,0.0848614837594942,0
2025-12-19 05:27:35.744943,10483,0.0181626377391366,0.0145097902837408,0,NONE,0.07903558860384802,0
2025-12-19 05:32:35.744943,10044,0.0120757222809615,0.3788686116626083,0,LATE_DATA,-0.07023279469364119,1
2025-12-19 05:37:35.744943,9699,0.0254547294454763,0.0166023511855056,0,NONE,-0.015374701049150175,1
2025-12-19 05:42:35.744943,9876,0.0187739703881618,0.0119929504970882,0,NONE,0.1490390721414479,0
2025-12-19 05:47:35.744943,10168,0.0167246655787877,0.0093283631910544,0,NONE,0.14792367928154804,0
2025-12-19 05:52:35.744943,10693,0.022291988788985,0.0070460102638649,0,NONE,0.09732591150180347,0
2025-12-19 05:57:35.744943,10388,0.0139033435646555,0.0067054044303065,0,NONE,0.09386739051969051,0
2025-12-19 06:02:35.744943,10086,0.0212613130308921,0.0095253758247422,0,NONE,0.15098946057594215,0
2025-12-19 06:07:35.744943,10010,0.0179313737288191,0.3418239213457542,0,LATE_DATA,-0.03598301713950314,1
2025-12-19 06:12:35.744943,10359,0.0224639759532491,0.0103264845564391,0,NONE,0.13629252153681137,0
2025-12-19 06:17:35.744943,9249,0.016013807344503,0.0114466988444704,0,NONE,0.08762638457418653,0
2025-12-19 06:22:35.744943,9358,0.0119946351686792,0.0102077724497937,0,NONE,0.05593081631657487,0
2025-12-19 06:27:35.744943,9726,0.0225265219681913,0.0108747622265045,0,NONE,0.13709513904421888,0
2025-12-19 06:32:35.744943,9358,0.0266001434070456,0.01416430102534,0,NONE,0.04261340929837765,0
2025-12-19 06:37:35.744943,9661,0.017290991292887,0.0140408030412537,0,NONE,0.10086106576914816,0
2025-12-19 06:42:35.744943,10286,0.0237796673646366,0.0142205454725124,0,NONE,0.09379353097815274,0
2025-12-19 06:47:35.744943,10159,0.024239862619867,0.385977215385226,0,LATE_DATA,-0.03449935659317305,1
2025-12-19 06:52:35.744943,10074,0.0309910989037336,0.0064332070490267,0,NONE,7.447361861645518e-06,0
2025-12-19 06:57:35.744943,8808,0.0211972064624552,0.0064548717674188,0,NONE,-0.00621793071515242,1
2025-12-19 07:02:35.744943,10028,0.0193058314584897,0.0075789554671388,0,NONE,0.14336294678711975,0
2025-12-19 07:07:35.744943,9488,0.0202782208462348,0.0042383168422923,0,NONE,0.036430396167814405,0
2025-12-19 07:12:35.744943,10530,0.0179747397667151,0.0092686809314037,0,NONE,0.14072759660079315,0
2025-12-19 07:17:35.744943,9947,0.0154469241062218,0.0044761122887738,0,NONE,0.04712383118428609,0
2025-12-19 07:22:35.744943,10521,0.0156886202464317,0.011749309121215,0,NONE,0.11530825100887243,0
2025-12-19 07:27:35.744943,10071,0.0121511528238541,0.0136415708291239,0,NONE,0.060970388941612774,0
2025-12-19 07:32:35.744943,9846,0.0255760969622479,0.0091027726544753,0,NONE,0.13587611707466357,0
2025-12-19 07:37:35.744943,9966,0.0258528745971718,0.0087309444829211,0,NONE,0.1300257539701002,0
2025-12-19 07:42:35.744943,10241,0.0212104262185614,0.0133765175746134,0,NONE,0.13307474980768746,0
2025-12-19 07:47:35.744943,21029,0.0249753280889925,0.0094896904708439,0,VOLUME_SPIKE,-0.038230824577833666,1
2025-12-19 07:52:35.744943,9920,0.0153574367443738,0.015564035624306,0,NONE,0.04511332571420379,0
2025-12-19 07:57:35.744943,9936,0.0244021592073395,0.0137455367026405,0,NONE,0.11046303242606653,0
2025-12-19 08:02:35.744943,10358,0.0114884531811433,0.0114320640426782,0,NONE,0.06852987765747454,0
2025-12-19 08:07:35.744943,9506,0.0155703761096871,0.0171320438781224,0,NONE,-0.04206465175095997,1
2025-12-19 08:12:35.744943,9894,0.0098520258840733,0.0069566939083242,0,NONE,0.03137634162950376,0
2025-12-19 08:17:35.744943,4673,0.0117614072398501,0.0113023338157835,0,VOLUME_DROP,-0.044669250295518825,1
2025-12-19 08:22:35.744943,10621,0.0223204330147028,0.0075401939189415,0,NONE,0.1066830001819209,0
2025-12-19 08:27:35.744943,9158,0.0222819226622026,0.0110614929653446,0,NONE,0.0742781827535336,0
2025-12-19 08:32:35.744943,10646,0.0251299385850748,0.0072503162924848,0,NONE,0.08029000716235818,0
2025-12-19 08:37:35.744943,9574,0.021040399731433,0.0110150142405088,0,NONE,0.12472861706474053,0
2025-12-19 08:42:35.744943,10317,0.0129406950165652,0.0131489809913813,0,NONE,0.09257014539978714,0
2025-12-19 08:47:35.744943,9838,0.0214647544740477,0.0104047155228909,0,NONE,0.14617920831702785,0
2025-12-19 08:52:35.744943,9721,0.0203611673111383,0.0154223647503555,1,SCHEMA_CHANGE,0.05704658241977456,0
2025-12-19 08:57:35.744943,10427,0.1969271154559183,0.0104699944833996,0,NULL_SPIKE,-0.06122829058603685,1
2025-12-19 09:02:35.744943,10724,0.0187645236072415,0.0095399143515457,0,NONE,0.12316397091001957,0
2025-12-19 09:07:35.744943,8793,0.0138927285985649,0.0113532357868741,0,NONE,0.0014114444468016352,0
2025-12-19 09:12:35.744943,9352,0.0219106493930476,0.008045831281175,0,NONE,0.10108229172707545,0
2025-12-19 09:17:35.744943,10443,0.0161758891849892,0.0038716891764154,0,NONE,0.026454494045986876,0
2025-12-19 09:22:35.744943,9970,0.017811119447563,0.0127473585087386,0,NONE,0.13839682166777056,0
2025-12-19 09:27:35.744943,10142,0.015629629443321,0.0111254832371535,0,NONE,0.13428377918570694,0
2025-12-19 09:32:35.744943,9945,0.0155470280039562,0.0076186114999355,0,NONE,0.12636086578507327,0
2025-12-19 09:37:35.744943,11075,0.019462526945002,0.0075400128542173,0,NONE,0.05682522570878168,0
2025-12-19 09:42:35.744943,10415,0.0174776129216953,0.0111277554882575,0,NONE,0.1439947898958449,0
2025-12-19 09:47:35.744943,9552,0.0200394642456096,0.0114288723085025,0,NONE,0.12688312666428875,0
2025-12-19 09:52:35.744943,9609,0.0240331112992079,0.0111557510935721,0,NONE,0.12134060312605127,0
2025-12-19 09:57:35.744943,8975,0.0144470085709275,0.0090145931730824,0,NONE,0.03435229764917924,0
2025-12-19 10:02:35.744943,10710,0.0281042128960019,0.0150899452609033,0,NONE,-0.022480963186542358,1
2025-12-19 10:07:35.744943,9672,0.0248871363479402,0.0126551012658373,0,NONE,0.11366557102935138,0
2025-12-19 10:12:35.744943,10572,0.0218446088365521,0.0113859404315003,0,NONE,0.12564193934886164,0
2025-12-19 10:17:35.744943,9943,0.0152647237799442,0.0073955332210006,0,NONE,0.12347699554966513,0
2025-12-19 10:22:35.744943,10118,0.0229516420282471,0.011631577912759,0,NONE,0.1396580250269231,0
2025-12-19 10:27:35.744943,9820,0.0165122757201129,0.01482211707277,0,NONE,0.07832104067263701,0
2025-12-19 10:32:35.744943,9771,0.0127994480361337,0.0071498649566246,0,NONE,0.09297033694642093,0
2025-12-19 10:37:35.744943,10423,0.0217796945393081,0.006900499007052,0,NONE,0.12380790033971384,0
2025-12-19 10:42:35.744943,9864,0.023860050827783,0.0111862571185511,0,NONE,0.1401915283971623,0
2025-12-19 10:47:35.744943,10252,0.0271354469714638,0.0100708044457541,0,NONE,0.11655240138299566,0
2025-12-19 10:52:35.744943,9905,0.0179613879238406,0.0105492139036304,0,NONE,0.14796946012705497,0
2025-12-19 10:57:35.744943,10005,0.0195509436581228,0.0083597346872129,0,NONE,0.1453412622494773,0
2025-12-19 11:02:35.744943,9429,0.0177342989303856,0.0118756563254147,0,NONE,0.12095632178970789,0
2025-12-19 11:07:35.744943,8989,0.0174731267705162,0.0080805847367452,0,NONE,0.05112295216519552,0
2025-12-19 11:12:35.744943,9228,0.0151608694315165,0.0100209074963165,0,NONE,0.09043756467128383,0
2025-12-19 11:17:35.744943,3435,0.0278168449805757,0.0126779283027207,0,VOLUME_DROP,-0.0405891661118265,1
2025-12-19 11:22:35.744943,10507,0.0226847728087094,0.012872946395142,0,NONE,0.11165213404457658,0
2025-12-19 11:27:35.744943,9268,0.0206572239428888,0.0145356226445488,0,NONE,0.05459420530340586,0
2025-12-19 11:32:35.744943,10587,0.0197245526006099,0.0088407217434461,0,NONE,0.13128202318829413,0
2025-12-19 11:37:35.744943,10098,0.0216962170759552,0.0056828259961079,0,NONE,0.10150261484261397,0
2025-12-19 11:42:35.744943,9713,0.023833518267075,0.0095287984941146,0,NONE,0.13605301602536668,0
2025-12-19 11:47:35.744943,9399,0.0317318035980726,0.0146857031294086,0,NONE,-0.042925567940578335,1
2025-12-19 11:52:35.744943,9749,0.0269040908942588,0.0087502681882707,0,NONE,0.11435139862508814,0
2025-12-19 11:57:35.744943,10283,0.0171910959830116,0.0078878870729494,0,NONE,0.13339198161697097,0
2025-12-19 12:02:35.744943,9656,0.0266398840012215,0.0052764590249614,0,NONE,0.05486136769010169,0
2025-12-19 12:07:35.744943,10392,0.0214804288093603,0.0085471332458179,0,NONE,0.1385777888725594,0
2025-12-19 12:12:35.744943,9663,0.0219362479449225,0.0102823782499032,0,NONE,0.13292011292687628,0
2025-12-19 12:17:35.744943,10784,0.0182943100621166,0.0063564109508765,0,NONE,0.0832247696283529,0
2025-12-19 12:22:35.744943,9161,0.0266639372907541,0.0071939547181387,0,NONE,0.027015406921050977,0
2025-12-19 12:27:35.744943,9485,0.0213773891217018,0.0102238709661316,0,NONE,0.12581638134357365,0
2025-12-19 12:32:35.744943,9519,0.0187113884142012,0.0133926783858753,0,NONE,0.11660439971976239,0
2025-12-19 12:37:35.744943,10739,0.0261265985635062,0.005264156653473,0,NONE,0.023670463377891693,0
2025-12-19 12:42:35.744943,10127,0.0248518159830465,0.0071387681909585,0,NONE,0.11579259463803238,0
2025-12-19 12:47:35.744943,10426,0.0231454263320768,0.0044428262944464,0,NONE,0.05192471098382467,0
2025-12-19 12:52:35.744943,9052,0.0193860656263435,0.2392265793349743,0,LATE_DATA,-0.0920290152567027,1
2025-12-19 12:57:35.744943,10673,0.0279515953141682,0.0116768936646698,0,NONE,0.06275640985787484,0
2025-12-19 13:02:35.744943,9310,0.0225511951090544,0.0156007113416386,0,NONE,0.014925077376926055,0
2025-12-19 13:07:35.744943,10102,0.0173144801908994,0.0085673097094766,0,NONE,0.14765089187195846,0
2025-12-19 13:12:35.744943,9490,0.0235828735553922,0.0130018044560954,0,NONE,0.10192655178541143,0
2025-12-19 13:17:35.744943,9904,0.0135128099171489,0.0104533373943061,0,NONE,0.11807271826889043,0
2025-12-19 13:22:35.744943,9812,0.0203888632207874,0.0105355682809359,0,NONE,0.14786081332672807,0
2025-12-19 13:27:35.744943,9867,0.0237617910628121,0.0119187364523152,0,NONE,0.1320559861974383,0
2025-12-19 13:32:35.744943,9342,0.0165406141685033,0.0089765837080614,0,NONE,0.10096062257109578,0
2025-12-19 13:37:35.744943,9929,0.0168700156206519,0.0134264348440834,0,NONE,0.12971644679149968,0
2025-12-19 13:42:35.744943,10113,0.0148945682134678,0.0116135501051794,0,NONE,0.13278764287557754,0
2025-12-19 13:47:35.744943,10479,0.01759527880808,0.0133146197588408,0,NONE,0.12309741240236205,0
2025-12-19 13:52:35.744943,9957,0.0276031979177682,0.0084288694242478,0,NONE,0.09847299783618796,0
2025-12-19 13:57:35.744943,9482,0.0193584804981615,0.0090452580790109,0,NONE,0.12323666488664081,0
2025-12-19 14:02:35.744943,9509,0.0215729837843708,0.0052326778465071,0,NONE,0.07413618248081333,0
2025-12-19 14:07:35.744943,10407,0.0257508054274342,0.0135414422971048,0,NONE,0.09504875809085211,0
2025-12-19 14:12:35.744943,10308,0.027476446788635,0.0101774297860682,0,NONE,0.10515047342235334,0
2025-12-19 14:17:35.744943,11372,0.0195945968086703,0.0070583397899661,0,NONE,-0.01263357844130486,1
2025-12-19 14:22:35.744943,10318,0.0159579646787457,0.0164676669336321,0,NONE,-0.00010770256949832469,1
2025-12-19 14:27:35.744943,9671,0.0250868607581448,0.0070735066089545,0,NONE,0.11239395148312648,0
2025-12-19 14:32:35.744943,10446,0.0267709472356543,0.0089381333829195,0,NONE,0.10067715829354756,0
2025-12-19 14:37:35.744943,10784,0.0163982830984548,0.0079673514898026,0,NONE,0.09078945213649703,0
2025-12-19 14:42:35.744943,9959,0.0360107545879503,0.0090066246181898,0,NONE,-0.052994786731509924,1
2025-12-19 14:47:35.744943,9723,0.0270421671901762,0.0092520572770097,0,NONE,0.11843833148247784,0
2025-12-19 14:52:35.744943,8912,0.0178615784353772,0.0079406457211448,0,NONE,0.03229957223509683,0
2025-12-19 14:57:35.744943,10006,0.0171473783816483,0.0118986122742233,0,NONE,0.14680826441907308,0
2025-12-19 15:02:35.744943,9911,0.0265518837824938,0.0083232581497426,0,NONE,0.11590338395203437,0
2025-12-19 15:07:35.744943,10139,0.0246843010883095,0.0132010180812627,0,NONE,0.12166520698652772,0
2025-12-19 15:12:35.744943,9539,0.0171030517524078,0.0051953026316143,0,NONE,0.06942552919789435,0
2025-12-19 15:17:35.744943,10635,0.0148728193890558,0.0099767038357661,0,NONE,0.11000234516282681,0
2025-12-19 15:22:35.744943,9624,0.0249592766691683,0.0085619311113113,0,NONE,0.12141611275481934,0
2025-12-19 15:27:35.744943,10509,0.0105823956308252,0.0050918718530597,0,NONE,-0.015474106486746075,1
2025-12-19 15:32:35.744943,9728,0.0133589828524131,0.0067745445590181,0,NONE,0.09228799748888328,0
2025-12-19 15:37:35.744943,10315,0.0185739006326961,0.0142210281526303,0,NONE,0.10348798570130402,0
2025-12-19 15:42:35.744943,9874,0.0198194951601869,0.0125180216085232,0,NONE,0.14056860961064366,0
2025-12-19 15:47:35.744943,9455,0.0217270212135901,0.0114323909604269,0,NONE,0.12112405934363113,0
2025-12-19 15:52:35.744943,9958,0.020542213996543,0.0172696835089933,0,NONE,-0.010365121653767795,1
2025-12-19 15:57:35.744943,10738,0.0234996536813444,0.0087469745700373,0,NONE,0.08936848155827087,0
2025-12-19 16:02:35.744943,9875,0.0202850529708138,0.0134676236123578,0,NONE,0.12676194229011134,0
2025-12-19 16:07:35.744943,10067,0.0127733300284223,0.0101046948038761,0,NONE,0.11329115791338312,0
2025-12-19 16:12:35.744943,9363,0.0255337276924078,0.0095989316260817,0,NONE,0.11037815303725446,0
2025-12-19 16:17:35.744943,9805,0.0183993527384661,0.0116279068116016,0,NONE,0.14618785819107166,0
2025-12-19 16:22:35.744943,9930,0.0181762367756258,0.0077045722406569,0,NONE,0.135764654972501,0
2025-12-19 16:27:35.744943,8989,0.0262557958926461,0.0092383505012619,0,NONE,0.036218372621024786,0
2025-12-19 16:32:35.744943,10253,0.011649399619123,0.0070966966671575,0,NONE,0.07347884606984811,0
2025-12-19 16:37:35.744943,9483,0.0242885677651647,0.0055862205829885,0,NONE,0.06844620126527867,0
2025-12-19 16:42:35.744943,9794,0.0147275267121355,0.0125779859539741,0,NONE,0.11760729951463467,0
2025-12-19 16:47:35.744943,10520,0.0185298300940031,0.0135025181660918,0,NONE,0.11611847277398396,0
2025-12-19 16:52:35.744943,10339,0.0143017924814601,0.0131398090652694,0,NONE,0.10866404013648101,0
2025-12-19 16:57:35.744943,9004,0.0126076284826801,0.0116179694804845,0,NONE,0.00812794808010675,0
2025-12-19 17:02:35.744943,9541,0.0252906121107754,0.011931947788118,0,NONE,0.10719828935562309,0
2025-12-19 17:07:35.744943,10053,0.0167821027438241,0.0097104699690678,0,NONE,0.15075553124582752,0
2025-12-19 17:12:35.744943,8847,0.0197677951888327,0.0105079655357084,0,NONE,0.03239974563192638,0
2025-12-19 17:17:35.744943,10456,0.0216506643062359,0.0127226913378815,0,NONE,0.12362141438311541,0
2025-12-19 17:22:35.744943,9864,0.2503644849505178,0.0089129858362242,0,NULL_SPIKE,-0.05519423481221941,1
2025-12-19 17:27:35.744943,11539,0.0223472418618972,0.0025754470881792,0,NONE,-0.11193987534152505,1
2025-12-19 17:32:35.744943,9986,0.0197539313610237,0.0090518600974748,0,NONE,0.151475808672769,0
2025-12-19 17:37:35.744943,9355,0.0172264394297177,0.0101832853027088,0,NONE,0.11972556778558441,0
2025-12-19 17:42:35.744943,10365,0.0296163139151178,0.0113175291219345,0,NONE,0.05863647119294679,0
2025-12-19 17:47:35.744943,10403,0.0142983147642032,0.0098077784819297,0,NONE,0.1295813263088873,0
2025-12-19 17:52:35.744943,9612,0.0193543015019665,0.009865585826649,0,NONE,0.13860576949665993,0
2025-12-19 17:57:35.744943,9870,0.0304331845555381,0.0074799263602513,0,NONE,0.040502446398937075,0
2025-12-19 18:02:35.744943,9974,0.0228115748334933,0.0062485200821067,0,NONE,0.10797338780009813,0
2025-12-19 18:07:35.744943,9758,0.0158793156703099,0.0143027863426843,0,NONE,0.08901357962095441,0
2025-12-19 18:12:35.744943,10549,0.0146371947970676,0.0102755369133686,0,NONE,0.12144448235066857,0
2025-12-19 18:17:35.744943,10019,0.0290461556852548,0.007151771024851,0,NONE,0.0539282740625876,0
2025-12-19 18:22:35.744943,10146,0.0215452327627407,0.0133282038296801,0,NONE,0.13376175223940678,0
2025-12-19 18:27:35.744943,9780,0.0227986599113732,0.0084007285661268,0,NONE,0.13374771829276622,0
2025-12-19 18:32:35.744943,9753,0.0096650879366986,0.0159427918693364,0,NONE,-0.05668169330421313,1
2025-12-19 18:37:35.744943,9897,0.0266617618669344,0.0097561894090688,0,NONE,0.12286640363674617,0
2025-12-19 18:42:35.744943,10194,0.0225277846452038,0.0033702541956534,0,NONE,0.02666683054005059,0
2025-12-19 18:47:35.744943,15022,0.0206321359696411,0.0112452417174358,0,VOLUME_SPIKE,-0.044617805309859815,1
2025-12-19 18:52:35.744943,9765,0.0171012482236625,0.011152154955464,0,NONE,0.1439868741864288,0
2025-12-19 18:57:35.744943,10961,0.0087441286196238,0.011660011749392,1,SCHEMA_CHANGE,-0.04591749908944309,1
2025-12-19 19:02:35.744943,9578,0.0216805114343107,0.0129207841319445,0,NONE,0.11672715743857343,0
2025-12-19 19:07:35.744943,8916,0.0204910797336654,0.0129667659395722,0,NONE,0.035808203478414624,0
2025-12-19 19:12:35.744943,10811,0.0205071594476208,0.0077315419384431,0,NONE,0.09236558805875944,0
2025-12-19 19:17:35.744943,11195,0.0154659017585227,0.3589567489497325,0,LATE_DATA,-0.10099297474103441,1
2025-12-19 19:22:35.744943,10793,0.0247709031867138,0.0062838187070406,0,NONE,0.056515178328608084,0
2025-12-19 19:27:35.744943,9899,0.0209319671696631,0.0095284296419924,0,NONE,0.15048088063409876,0
2025-12-19 19:32:35.744943,9370,0.0205790840762149,0.0120849437597036,0,NONE,0.11227170037389078,0
2025-12-19 19:37:35.744943,10766,0.0207109512078885,0.0065205377074823,0,NONE,0.08105007046926316,0
2025-12-19 19:42:35.744943,10433,0.0204193068694468,0.0103609534243343,0,NONE,0.1399081493395275,0
2025-12-19 19:47:35.744943,9840,0.0232363457385783,0.012578414512627,0,NONE,0.12863135112956092,0
2025-12-19 19:52:35.744943,10283,0.0272322766394362,0.0135241686183633,0,NONE,0.08093291304919492,0
2025-12-19 19:57:35.744943,10311,0.0259661799659912,0.0132991398914099,0,NONE,0.10466155232491942,0
2025-12-19 20:02:35.744943,8850,0.0147153636367619,0.0066788493199633,0,NONE,-0.01625453406186972,1
2025-12-19 20:07:35.744943,9497,0.0148354532363551,0.0090575156079215,0,NONE,0.10645646400364234,0
2025-12-19 20:12:35.744943,9511,0.026037473994983,0.009571187759439,0,NONE,0.11368047492445749,0
2025-12-19 20:17:35.744943,9374,0.0192639153540429,0.0130764993297575,0,NONE,0.10726474037350808,0
2025-12-19 20:22:35.744943,9633,0.0178138016690499,0.0163061631050844,0,NONE,0.010920075197123125,0
2025-12-19 20:27:35.744943,10407,0.0216378158631279,0.0161396802640445,0,NONE,0.02702166940253925,0
2025-12-19 20:32:35.744943,10289,0.0235805875867037,0.0105789887909728,0,NONE,0.13456126234273086,0
2025-12-19 20:37:35.744943,9844,0.024181470723435,0.0076409445401727,0,NONE,0.13050183247859465,0
2025-12-19 20:42:35.744943,10465,0.0202832129261783,0.0094698172195332,0,NONE,0.14127982652671117,0
2025-12-19 20:47:35.744943,9229,0.0239303690978305,0.0135293158802329,0,NONE,0.07379685847066653,0
2025-12-19 20:52:35.744943,9794,0.0179026989311919,0.2087231464537551,0,LATE_DATA,-0.039655539096706494,1
2025-12-19 20:57:35.744943,10297,0.0220363677500592,0.0116181481075603,0,NONE,0.1428010145475806,0
2025-12-19 21:02:35.744943,18458,0.012004703023624,0.0118782615204136,0,VOLUME_SPIKE,-0.0850109572181934,1
2025-12-19 21:07:35.744943,9735,0.0207167578222679,0.0078837972536308,0,NONE,0.13499899473654864,0
2025-12-19 21:12:35.744943,9301,0.2738675271895306,0.0075315853778796,0,NULL_SPIKE,-0.09438216052695936,1
2025-12-19 21:17:35.744943,10430,0.0202176876306381,0.0147271121689105,0,NONE,0.07382757974998605,0
2025-12-19 21:22:35.744943,10188,0.0200517246955173,0.0121820396723202,0,NONE,0.14522365480813404,0
2025-12-19 21:27:35.744943,10228,0.0207842450803063,0.0133303688755476,0,NONE,0.1348652559713217,0
2025-12-19 21:32:35.744943,16459,0.0239757634366854,0.0144267546911928,0,VOLUME_SPIKE,-0.07449003771199425,1
2025-12-19 21:37:35.744943,9872,0.0225750461636424,0.00711627143637,0,NONE,0.13122631416649244,0
2025-12-19 21:42:35.744943,9759,0.021138840363901,0.0124445735986358,0,NONE,0.13726421507998,0
2025-12-19 21:47:35.744943,9777,0.0181822580358627,0.0091791181213046,0,NONE,0.142370992242685,0
2025-12-19 21:52:35.744943,9596,0.0246643559052977,0.0080493978596827,0,NONE,0.12514072815851612,0
2025-12-19 21:57:35.744943,9516,0.0200613493206234,0.0101320787709998,0,NONE,0.13050059393228347,0
2025-12-19 22:02:35.744943,10490,0.0181622675386146,0.0112513025760253,0,NONE,0.1415643772909262,0
2025-12-19 22:07:35.744943,9271,0.0109002065742402,0.0033514418906862,0,NONE,-0.07701089039558207,1
2025-12-19 22:12:35.744943,9323,0.0252205167220709,0.0123477787219327,0,NONE,0.08662305238195417,0
2025-12-19 22:17:35.744943,9947,0.0265038967261731,0.0055751354389866,0,NONE,0.06318497440079324,0
2025-12-19 22:22:35.744943,10045,0.0227109823913997,0.0146951574994778,0,NONE,0.09239640171822727,0
2025-12-19 22:27:35.744943,10322,0.022972802857326,0.0075134006034685,0,NONE,0.12413807472359956,0
2025-12-19 22:32:35.744943,9439,0.0176594711815147,0.0090803742355933,0,NONE,0.12028720346167471,0
2025-12-19 22:37:35.744943,9819,0.0186663998632171,0.0100913535195596,0,NONE,0.15089824869194463,0
2025-12-19 22:42:35.744943,9942,0.0134909216390546,0.0085342117603986,0,NONE,0.11817583808338022,0
2025-12-19 22:47:35.744943,10464,0.03158868825757,0.0126793072257582,0,NONE,-0.0031678067588311043,1
2025-12-19 22:52:35.744943,9557,0.0216853816317508,0.0049828493239223,0,NONE,0.06626311196396917,0
2025-12-19 22:57:35.744943,9675,0.0192891459391624,0.0041239704157216,0,NONE,0.05391120752908252,0
2025-12-19 23:02:35.744943,9908,0.0165440566808158,0.0123445633472387,0,NONE,0.13920854738664756,0
2025-12-19 23:07:35.744943,9514,0.0160179820237788,0.0081962036738898,0,NONE,0.1118138663559155,0
2025-12-19 23:12:35.744943,10081,0.0191870675123206,0.0073878585855364,0,NONE,0.13611337895434306,0
2025-12-19 23:17:35.744943,9966,0.0184016773262068,0.0089177835598599,0,NONE,0.147689106348858,0
2025-12-19 23:22:35.744943,10480,0.0182474963717333,0.0063011838402831,0,NONE,0.10807031101757131,0
2025-12-19 23:27:35.744943,10812,0.0140029866616892,0.012865492305216,0,NONE,0.04351788929798639,0
2025-12-19 23:32:35.744943,11543,0.0213811675350883,0.0055650064420843,0,NONE,-0.05141534200949338,1
2025-12-19 23:37:35.744943,10302,0.0216862787228867,0.0151314991325079,0,NONE,0.07549848620719235,0
2025-12-19 23:42:35.744943,9374,0.0163735106713562,0.0138780710297661,0,NONE,0.07883135304192962,0
2025-12-19 23:47:35.744943,9865,0.0231051236841247,0.0030170275092916,0,NONE,0.017711749816685995,0
2025-12-19 23:52:35.744943,9855,0.0151696529534472,0.0059158801400887,0,NONE,0.09236102158858328,0
2025-12-19 23:57:35.744943,10015,0.0231526965705778,0.015941895086545,0,NONE,0.045001891686444306,0
2025-12-20 00:02:35.744943,10523,0.0198342411520693,0.010680699696356,0,NONE,0.13941239115961052,0
2025-12-20 00:07:35.744943,9755,0.024154767842491,0.0105595409398023,0,NONE,0.1356401819168922,0
2025-12-20 00:12:35.744943,9282,0.0212810214691279,0.0125704091682713,0,NONE,0.09329650093971226,0
2025-12-20 00:17:35.744943,9701,0.0099416904871004,0.0079727021625914,0,NONE,0.03255431346941462,0
2025-12-20 00:22:35.744943,10953,0.0181079865909376,0.0115123545829657,0,NONE,0.08218357924070097,0
2025-12-20 00:27:35.744943,9721,0.0241717947886088,0.0046924198759202,0,NONE,0.0620085332049638,0
2025-12-20 00:32:35.744943,10231,0.0205970605192608,0.0093051177313314,0,NONE,0.15022836884225343,0
2025-12-20 00:37:35.744943,11004,0.0200841497232117,0.0133851258108767,0,NONE,0.042719313017443916,0
2025-12-20 00:42:35.744943,9245,0.025816521070467,0.0093287993858657,0,NONE,0.08747395526577295,0
2025-12-20 00:47:35.744943,9734,0.0208500448264342,0.0110355988751538,0,NONE,0.1421249057528553,0
2025-12-20 00:52:35.744943,10961,0.0172491189884874,0.3543711574915136,0,LATE_DATA,-0.06916813533926569,1
2025-12-20 00:57:35.744943,9036,0.025923280084792,0.008183190004148,0,NONE,0.03791990947093005,0
2025-12-20 01:02:35.744943,9586,0.0169593097041335,0.0065552988565545,0,NONE,0.10119525774715216,0
2025-12-20 01:07:35.744943,10233,0.0239130020903112,0.0116543232158544,0,NONE,0.1360027245978528,0
2025-12-20 01:12:35.744943,10754,0.0212776379068773,0.0109390530597684,0,NONE,0.10890694810515567,0
2025-12-20 01:17:35.744943,10286,0.0147492262641834,0.2158635200709487,0,LATE_DATA,-0.04870552032270681,1
2025-12-20 01:22:35.744943,9747,0.0168563237869807,0.0090520646446315,0,NONE,0.1412246953541249,0
2025-12-20 01:27:35.744943,9130,0.01552049106264,0.0137120361709677,0,NONE,0.042481156093242656,0
2025-12-20 01:32:35.744943,10184,0.0186157106672176,0.0135361986134881,0,NONE,0.13196166792269776,0
2025-12-20 01:37:35.744943,9913,0.0161884757871036,0.0085217641947114,0,NONE,0.13866736805389346,0
2025-12-20 01:42:35.744943,10766,0.0200999647449776,0.0049187203255244,0,NONE,0.040706007725071935,0
2025-12-20 01:47:35.744943,11088,0.0255605043090304,0.0116431174593271,0,NONE,0.025894043397362787,0
2025-12-20 01:52:35.744943,10103,0.0237919888357822,0.0122741289036967,0,NONE,0.13245800305084754,0
2025-12-20 01:57:35.744943,9603,0.0160219610965304,0.223600725136647,0,LATE_DATA,-0.05402153372317331,1
2025-12-20 02:02:35.744943,9436,0.017443186409111,0.0104593539478495,0,NONE,0.12588616990887747,0
2025-12-20 02:07:35.744943,10649,0.0278745512477996,0.0083858405805041,0,NONE,0.06069577563504186,0
2025-12-20 02:12:35.744943,5405,0.0204105054833727,0.0134671776698525,0,VOLUME_DROP,-0.0020371753844194984,1
2025-12-20 02:17:35.744943,9472,0.0196759846030916,0.0114495464271423,0,NONE,0.1241747795585939,0
2025-12-20 02:22:35.744943,9872,0.0136282685309373,0.0123046636795861,0,NONE,0.11565124972226087,0
2025-12-20 02:27:35.744943,10204,0.024647579706346,0.0120668418569091,0,NONE,0.13581899086334032,0
2025-12-20 02:32:35.744943,9799,0.025985392218566,0.0084425667063071,0,NONE,0.12657980946575326,0
2025-12-20 02:37:35.744943,9592,0.0152358937628887,0.0079327524660311,0,NONE,0.10927847449060468,0
2025-12-20 02:42:35.744943,9364,0.025614311322669,0.0099249571630458,0,NONE,0.10895974503984679,0
2025-12-20 02:47:35.744943,10134,0.0250498465529051,0.017798203213839,0,NONE,-0.04080693267172342,1
2025-12-20 02:52:35.744943,10511,0.0360661283631279,0.004055606943095,0,NONE,-0.1339892461778579,1
2025-12-20 02:57:35.744943,8956,0.0297284754622549,0.0125514230488664,0,NONE,-0.030819286322695816,1
2025-12-20 03:02:35.744943,10041,0.0158966308832748,0.0114943904470314,0,NONE,0.1399642386414321,0
2025-12-20 03:07:35.744943,9043,0.0148751881704671,0.0093218259722338,0,NONE,0.048256573604144926,0
2025-12-20 03:12:35.744943,9476,0.2259760926694652,0.0084611097278644,0,NULL_SPIKE,-0.06961277394788667,1
2025-12-20 03:17:35.744943,9514,0.0170678544989229,0.0127486031737181,0,NONE,0.12036753219051655,0
2025-12-20 03:22:35.744943,10506,0.0176849139888113,0.0129783580403891,0,NONE,0.12252051784919765,0
2025-12-20 03:27:35.744943,10717,0.0144973911863736,0.0095026829963767,0,NONE,0.09418752368254663,0
2025-12-20 03:32:35.744943,9970,0.0221131154784868,0.0105264357109169,0,NONE,0.14129215377492638,0
2025-12-20 03:37:35.744943,10010,0.0293268132785181,0.0092312779598131,0,NONE,0.07716539896962693,0
2025-12-20 03:42:35.744943,9815,0.0116833552310289,0.0123988036646593,0,NONE,0.07862584394251093,0
2025-12-20 03:47:35.744943,9124,0.0231838302814497,0.0097763407987762,0,NONE,0.06999154999529228,0
2025-12-20 03:52:35.744943,10186,0.0132377726558846,0.0088343909602986,0,NONE,0.11653791940124003,0
2025-12-20 03:57:35.744943,9913,0.0186148053169394,0.0056414954218755,0,NONE,0.1017622666498032,0
2025-12-20 04:02:35.744943,10037,0.0187906047032151,0.0127282390601798,0,NONE,0.1420208385295702,0
2025-12-20 04:07:35.744943,10290,0.0214245647426548,0.0091322797220712,0,NONE,0.14712500351736718,0
2025-12-20 04:12:35.744943,10283,0.0282546600142869,0.0118993554696122,0,NONE,0.08988233963105374,0
2025-12-20 04:17:35.744943,9788,0.0231832518895329,0.0075566940558199,0,NONE,0.13032714891730274,0
2025-12-20 04:22:35.744943,9956,0.0314274393455048,0.0140638639498565,0,NONE,-0.01292511215140102,1
2025-12-20 04:27:35.744943,10165,0.0165472895942351,0.0149825648834108,0,NONE,0.0795569582972438,0
2025-12-20 04:32:35.744943,9832,0.0263573624667357,0.0078290322195291,0,NONE,0.11620753290093178,0
2025-12-20 04:37:35.744943,10605,0.0260863043825761,0.0090702461961962,0,NONE,0.09970755424721944,0
2025-12-20 04:42:35.744943,9365,0.0240882681333374,0.0101870333423416,1,SCHEMA_CHANGE,0.11109197815535127,0
2025-12-20 04:47:35.744943,10348,0.0161014394961074,0.0129755943525061,0,NONE,0.12255003610146609,0
2025-12-20 04:52:35.744943,9997,0.0253075230463617,0.0110867386143876,0,NONE,0.12744633691562202,0
2025-12-20 04:57:35.744943,9360,0.0249907337191065,0.0098638152887733,0,NONE,0.11124858911016894,0
2025-12-20 05:02:35.744943,10204,0.0169666999095924,0.0106753937023949,0,NONE,0.15138769269775454,0
2025-12-20 05:07:35.744943,10339,0.0221185509692167,0.0044754153707177,0,NONE,0.06646030882180914,0
2025-12-20 05:12:35.744943,10992,0.0226571784271585,0.0058548723778863,0,NONE,0.03661819591138671,0
2025-12-20 05:17:35.744943,10763,0.0172527496372139,0.0131723523562858,0,NONE,0.0855641703267212,0
2025-12-20 05:22:35.744943,10264,0.0202829969818211,0.0109399713993505,0,NONE,0.1510992929128574,0
2025-12-20 05:27:35.744943,10674,0.0126068378133623,0.0071204595742905,0,NONE,0.056801640783416485,0
2025-12-20 05:32:35.744943,10450,0.0259729421297169,0.0098152266858785,0,NONE,0.11721260047306054,0
2025-12-20 05:37:35.744943,8792,0.0122699028215246,0.0010745803213817,0,NONE,-0.13367138279787738,1
2025-12-20 05:42:35.744943,10271,0.0164817955671839,0.0107940237005761,0,NONE,0.14148830651556776,0
2025-12-20 05:47:35.744943,9647,0.0280949023912737,0.0098846917402438,0,NONE,0.09081642506673981,0
2025-12-20 05:52:35.744943,10630,0.0195375931646932,0.0108320210752572,0,NONE,0.13345326507159372,0
2025-12-20 05:57:35.744943,8794,0.0226127880950023,0.0095126441764287,0,NONE,0.017396276897194807,0
2025-12-20 06:02:35.744943,11014,0.2410982688105179,0.0070471962385736,0,NULL_SPIKE,-0.13126994193178465,1
2025-12-20 06:07:35.744943,10116,0.0164240075352504,0.0068875412185558,0,NONE,0.12011045618394628,0
2025-12-20 06:12:35.744943,10550,0.0182378045344839,0.0080345069363063,0,NONE,0.13145383868638488,0
2025-12-20 06:17:35.744943,21080,0.0212073454820341,0.0095781122132022,0,VOLUME_SPIKE,-0.03619415440712004,1
2025-12-20 06:22:35.744943,9380,0.0271259838664845,0.014039616734818,0,NONE,0.043858251664007586,0
2025-12-20 06:27:35.744943,10231,0.0236640191520029,0.0124453306103185,0,NONE,0.13318264615939795,0
2025-12-20 06:32:35.744943,10820,0.0168264755267049,0.0107802553027548,0,NONE,0.10164105215687963,0
2025-12-20 06:37:35.744943,8998,0.0137976114490335,0.0035693348318739,0,NONE,-0.055071906507108026,1
2025-12-20 06:42:35.744943,10789,0.0256891313829701,0.0043906439545587,0,NONE,0.003515014433258412,0
2025-12-20 06:47:35.744943,10171,0.0169564651294978,0.0122350017854004,0,NONE,0.1463533852939511,0
2025-12-20 06:52:35.744943,10238,0.0154031589243293,0.0105827740209441,0,NONE,0.1352620798289872,0
2025-12-20 06:57:35.744943,9632,0.0194737824335939,0.0059733551887695,0,NONE,0.09962978999489858,0
2025-12-20 07:02:35.744943,10205,0.024750998258905,0.0084440299606372,0,NONE,0.1269493268512878,0
2025-12-20 07:07:35.744943,10937,0.0214917308966477,0.0129741457924855,0,NONE,0.06034335813720021,0
2025-12-20 07:12:35.744943,10457,0.0177843127110125,0.0127039000048803,0,NONE,0.1317683698208874,0
2025-12-20 07:17:35.744943,9229,0.013877644021849,0.0149659664768125,0,NONE,0.013234376556363614,0
2025-12-20 07:22:35.744943,9864,0.0240371192720716,0.0048714232330642,0,NONE,0.07786107759528704,0
2025-12-20 07:27:35.744943,11013,0.0143632121679824,0.0113860716578541,0,NONE,0.04051141837699246,0
2025-12-20 07:32:35.744943,10569,0.0208702940325563,0.0093165408261734,0,NONE,0.1345107134750958,0
2025-12-20 07:37:35.744943,9895,0.0281383300787276,0.0109588841523322,0,NONE,0.09703367250968614,0
2025-12-20 07:42:35.744943,10609,0.0208854894352688,0.006225783034061,0,NONE,0.09489460949512962,0
2025-12-20 07:47:35.744943,10331,0.0171424610944501,0.0094391201656998,0,NONE,0.14875000494706703,0
2025-12-20 07:52:35.744943,10272,0.0123900311369615,0.0084228664608555,0,NONE,0.0927830126908269,0
2025-12-20 07:57:35.744943,19678,0.0285674993502719,0.0130524202626101,0,VOLUME_SPIKE,-0.09301494678561306,1
2025-12-20 08:02:35.744943,10273,0.0081266279358342,0.0129666434433097,0,NONE,-0.021394562592054744,1
2025-12-20 08:07:35.744943,10473,0.0181155365169047,0.0094664752121453,0,NONE,0.14374631337768112,0
2025-12-20 08:12:35.744943,9351,0.0087093412434147,0.0094068230248163,0,NONE,-0.029870247986932164,1
2025-12-20 08:17:35.744943,10368,0.0238334062391038,0.0100862231047264,0,NONE,0.134627466489101,0
2025-12-20 08:22:35.744943,9366,0.0153279862926482,0.0121213789803119,0,NONE,0.09106356340210214,0
2025-12-20 08:27:35.744943,9829,0.0131608395398553,0.0077514613417633,0,NONE,0.10687240327407876,0
2025-12-20 08:32:35.744943,9668,0.0139460577869311,0.009496555207605,0,NONE,0.1129611155796042,0
2025-12-20 08:37:35.744943,10133,0.0209217876066248,0.0095623703953191,0,NONE,0.15244728999498386,0
2025-12-20 08:42:35.744943,11162,0.0190812855313324,0.0130701063946732,0,NONE,0.017286071692046656,0
2025-12-20 08:47:35.744943,10866,0.0215580616426626,0.0100597859586584,0,NONE,0.09583370960619442,0
2025-12-20 08:52:35.744943,10240,0.0302062016191664,0.013715102856102,0,NONE,0.0239096928953918,0
2025-12-20 08:57:35.744943,10231,0.0146671129877299,0.0081293254943212,0,NONE,0.12402346847244566,0
2025-12-20 09:02:35.744943,10354,0.0158756239842466,0.0073434417660429,0,NONE,0.11722544131676693,0
2025-12-20 09:07:35.744943,10954,0.0179179925587047,0.0085237846825761,0,NONE,0.07974570575908763,0
2025-12-20 09:12:35.744943,10186,0.0146123377131553,0.0056381708879409,0,NONE,0.08063963249333933,0
2025-12-20 09:17:35.744943,10021,0.0231650540179486,0.009442284191229,0,NONE,0.14579676867708563,0
2025-12-20 09:22:35.744943,10093,0.0197395635049656,0.0171100121905297,0,NONE,-0.0033354807915970675,1
2025-12-20 09:27:35.744943,10980,0.0208575881950042,0.0101372040664966,0,NONE,0.08040481409655176,0
2025-12-20 09:32:35.744943,9371,0.0220470225911332,0.0134241846947973,0,NONE,0.09652254122959603,0
